Format, Frequency, Area, Power, Delay, Energy
16-bit, 1GHz, 1606.651186, 1.5385, 0.55, 0.846
16-bit opt, 1GHz, 1616.294386, 1.5481, 0.55, 0.851
32-bit, 1GHz, 3394.876773, 3.0776, 0.97, 2.985
32-bit opt, 1GHz, 3411.575974, 3.1053, 0.96, 2.981
64-bit, 1GHz, 8386.526381, 7.3552, 0.78, 5.737
64-bit opt, 1GHz, 8409.575982, 7.3945, 0.79, 5.841