Format, Area (um2), Power (mW), Slack (ns), Energy
16-bit, 625.211988, 8.0994e-02, 0.46, 0.043737
16-bit_opt, 638.189988, 8.3552e-02, 0.46, 0.045118
32-bit, 1296.791973, 0.1501, 0.06, 0.141094
32-bit_opt, 1314.431972, 0.1534, 0.06, 0.144196
64-bit, 3256.469975, 0.3047, 0.19, 0.246807
64-bit_opt, 3282.803975, 0.3089, 0.19, 0.250209